1;"Urzπd Gminy Osielsko 
ul. Szosa GdaÒska 55A, 
86-031 Osielsko";"Osielsko ; Powiat bydgoski";"Powiat bydgoski ; KUJAWSKO-POMORSKIE"; KUJAWSKO-POMORSKIE;5542832610;"czynny
odwiedzono zaiteresowany ";10/04/2018;;dfg
2;"Zak≥ad Komunalny Gminy Lubiewo 
ul. G≥owna 75 
89-570 Bys≥aw";"Lubiewo ; Powiat tucholski";"Powiat tucholski ; KUJAWSKO-POMORSKIE"; KUJAWSKO-POMORSKIE;5611599000;czynny;10/04/2018;;dg
3;"PrzedsiÍbiorstwo WodociπgÛw i Kanalizacji WiK Sp. z o.o. 
ul. Grunwaldzka 1
83-000  Pruszcz GdaÒski";"Pruszcz ; Powiat úwiecki";"Powiat úwiecki ; KUJAWSKO-POMORSKIE"; KUJAWSKO-POMORSKIE;5932332401;czynny;10/04/2018;;dg
4;"URZ•D GMINY Jeøowo
UL. åWIECKA 12 
86-131 JEØEWO ";"Jeøewo ; Powiat úwiecki";"Powiat úwiecki ; KUJAWSKO-POMORSKIE"; KUJAWSKO-POMORSKIE;5591130658;czynny;10/04/2018;;dg
5;"Zak≥ad Us≥ug Komunalnych w Warlubiu
 ul. Dworcowa 15 
86-160 Warlubie";"Warlubie ; Powiat úwiecki";"Powiat úwiecki ; KUJAWSKO-POMORSKIE"; KUJAWSKO-POMORSKIE;5592040851;czynny;10/04/2018;;
6;"Zak≥ad WodociπgÛw i Kanalizacji ÑWIKî Sp. z o. o. 
ul. Mickiewicza 22a 
88-400 Ønin ";"Ønin ; Powiat øniÒski";"Powiat øniÒski ; KUJAWSKO-POMORSKIE"; KUJAWSKO-POMORSKIE;5621000594;czynny;10/04/2018;;
7;"Zak≥ad Gospodarki Komunalnej 
ul. PowstaÒcÛw Wielkopolskich 5 
88-180  Z≥otniki Kujawskie";"Z≥otniki Kujawskie ; Powiat inowroc≥awski";"Powiat inowroc≥awski ; KUJAWSKO-POMORSKIE"; KUJAWSKO-POMORSKIE;5562561930;czynny;10/04/2018;;
8;"Urzπd Gminy Rojewo 
Rojewo 8 
88-111 Rojewo";"Rojewo ; Powiat inowroc≥awski";"Powiat inowroc≥awski ; KUJAWSKO-POMORSKIE"; KUJAWSKO-POMORSKIE;5562562869;czynny;10/04/2018;;
9;"Gospodarka Komunalny Gminy Sadki 
ul. Straøacka 11 
89-110 Sadki ";"Sadki ; Powiat nakielski";"Powiat nakielski ; KUJAWSKO-POMORSKIE"; KUJAWSKO-POMORSKIE;5581762871;Obs≥uguje wodociπg Szubin;10/04/2018;;
10;"Komunalne PrzedsiÍbiorstwo WodociπgÛw i Kanalizacji SpÛ≥ka z o.o. 
ul. M. Drzyma≥y 4a 
89-100 Nak≥o nad Noteciπ el. 52 385";"Nak≥o nad Noteciπ ; Powiat nakielski";"Powiat nakielski ; KUJAWSKO-POMORSKIE"; KUJAWSKO-POMORSKIE;5580001443;Tomasz dzwoni≥ 05.04.2017 BÍdπ kupywli LibraRS.Ofera na pilotaø Libry 20 sztuk (docelowo 236) (czekamy na szczegÛ≥y od kierownika) - system przedp≥atowy z centralkπ;10/04/2018;;
11;"Zak≥ad Gospodarki Komunalnej w Mroczy Sp. zo.o. 
ul. £obøenicka 11 A 
89-115 Mrocza";"Mrocza ; Powiat nakielski";"Powiat nakielski ; KUJAWSKO-POMORSKIE"; KUJAWSKO-POMORSKIE;5581002054;czynny;10/04/2018;;
12;"Zak≥ad Komunalny w Sicienku 
ul. Lipowa 1 
86 - 014 Sicienko";"Sicienko ; Powiat bydgoski";"Powiat bydgoski ; KUJAWSKO-POMORSKIE"; KUJAWSKO-POMORSKIE;9531021005;Prezentacja Libra RS -ok. 2500 sztuk wodomierzy -przes≥aÊ karte katalogowe Flostar M -przes≥aÊ informacje nt. rejestratorÛw  do budowy monitoringu GSM -kupujπ wodomierze. Fila z Pomiar serwi;10/04/2018;;
13;"Zak≥ad Us≥ug Komunalnych 
ul. Jesionowa 9 
86-022 Dobrcz";"Dobrcz ; Powiat bydgoski";"Powiat bydgoski ; KUJAWSKO-POMORSKIE"; KUJAWSKO-POMORSKIE;5542227659;czynne;10/04/2018;;
14;"Zak≥ad Gospodarki Komunalnej w WiÍcborku
Pocztowa 2
89-410 WiÍcbork";"WiÍcbork ; Powiat sÍpoleÒski";"Powiat sÍpoleÒski ; KUJAWSKO-POMORSKIE"; KUJAWSKO-POMORSKIE;5580001466;czynny;10/04/2018;;
15;SpÛ≥dzielnia Mieszkaniowa w SÍpÛlnie KrajeÒskim ul. Koúciuszki 16 89-400 SÍpÛlno KrajeÒskie;"SÍpÛlno KrajeÒskie ; Powiat sÍpoleÒski";"Powiat sÍpoleÒski ; KUJAWSKO-POMORSKIE"; KUJAWSKO-POMORSKIE;5550006370;czynny;10/04/2018;;
16;Kamionka. Sp. Z O.o. UL. US£UGOWA 2 89-520 Gostycyn;"Gostycyn ; Powiat tucholski";"Powiat tucholski ; KUJAWSKO-POMORSKIE"; KUJAWSKO-POMORSKIE;5610002299;Pani prezes úpieszy≥a siÍ na spotkanie i nie mia≥a czasu, ponowiÊ kontakt. Oferta zostawiona.;10/04/2018;;
17;Wodociπgi i kanalizacja - Gmina Miasteczko KrajeÒskie;"Miasteczko KrajeÒskie ; Powiat pilski";"Powiat pilski ; WIELKOPOLSKIE"; WIELKOPOLSKIE;7642461433;czynny;21/06/2018;;
18;Urzπd Gminy w Cekcynie    ul. Szkolna 2    89-511 Cekcyn;"Cekcyn ; Powiat tucholski";"Powiat tucholski ; KUJAWSKO-POMORSKIE"; KUJAWSKO-POMORSKIE;5611496808;Dosta≥ Oferte zainteresowany spotkaniem Zamontowali 100 Bimeters Obs≥uguje Tchuwod w Tucholi;10/04/2018;;
19;Zak≥ad Us≥ug Komunalnych w åliwicach 9-530 åliwice, ul. Czerska 2;"åliwice ; Powiat tucholski";"Powiat tucholski ; KUJAWSKO-POMORSKIE"; KUJAWSKO-POMORSKIE;5610002572;ZaprosiÊ na konferencje ok. 4000 wodomierzy;10/04/2018;;
20;Komunalne PrzedsiÍbiorstwo WodociπgÛw i Kanalizacji SpÛ≥ka z o.o. w Szubinie;"Szubin ; Powiat nakielski";"Powiat nakielski ; KUJAWSKO-POMORSKIE"; KUJAWSKO-POMORSKIE;5620004199;Czynny;14/03/2018;;
21;Gminny Zak≥ad Komunalny ul. Dworcowa 6  86-150 Osie;"Osie ; Powiat úwiecki";"Powiat úwiecki ; KUJAWSKO-POMORSKIE"; KUJAWSKO-POMORSKIE;5591874904;czynny;10/04/2018;;
22;Zak≥ad Gospodarki Komunalnej i Mieszkaniowej w Kamieniu KrajeÒskim sp z o.o. ul. Strzelecka 16 89-430 KamieÒ KrajeÒski k;"KamieÒ KrajeÒski ; Powiat sÍpoleÒski";"Powiat sÍpoleÒski ; KUJAWSKO-POMORSKIE"; KUJAWSKO-POMORSKIE;5040013477;czynny;10/04/2018;;
23;Zak≥ad Gospodarki Komunalnej Wodociπgi i kanalizacja ul. Ceynowy 14 86-122 Bukowiec;"Bukowiec ; Powiat úwiecki";"Powiat úwiecki ; KUJAWSKO-POMORSKIE"; KUJAWSKO-POMORSKIE;6112550499;czynny;10/04/2018;;
24;PrzedsiÍbiorstwo Handlowo-Uslugowe TUCHWOD Sp. z o.o. ul. Budowlana 2 89-500 TUCHOLA Urzπd Gminy Lniano  ul. Wyzwolenia;"Lniano ; Powiat úwiecki";"Powiat úwiecki ; KUJAWSKO-POMORSKIE"; KUJAWSKO-POMORSKIE;5591898313;czynny;10/04/2018;;
25;Gminna SpÛ≥ka Wodna Wodociπgi i kanalizacja ul. åwiecka 12 86-140 Drzycim,;"Drzycim ; Powiat úwiecki";"Powiat úwiecki ; KUJAWSKO-POMORSKIE"; KUJAWSKO-POMORSKIE;5591901305;czynny;10/04/2018;;
26;URZ•D GMINY W D•BROWIE CHE£MI—SKIEJ ul. Bydgoska 21 86-070 Dπbrowa Che≥miÒska;"Dπbrowa Che≥miÒska ; Powiat bydgoski";"Powiat bydgoski ; KUJAWSKO-POMORSKIE"; KUJAWSKO-POMORSKIE;5542657762;czynny;10/04/2018;;
27;Urzπd Gminy w Z≥ejwsi Wielkiej ul. Handlowa 7, 87-134 Z≥awieú Wielka;"Z≥awieú Wielka ; Powiat toruÒski";"Powiat toruÒski ; KUJAWSKO-POMORSKIE"; KUJAWSKO-POMORSKIE;9561857719;czynny;10/04/2018;;
28;Urzπd Gminy w Wielkiej Nieszawce ul. ToruÒska 12, 87-165 Cierpice;"Wielka Nieszawka ; Powiat toruÒski";"Powiat toruÒski ; KUJAWSKO-POMORSKIE"; KUJAWSKO-POMORSKIE;8792593680;czynny;10/04/2018;;
29;Zak≥ad Us≥ug Komunalnych Dragacz 7A 86-134 Dragacz;"Dragacz ; Powiat úwiecki";"Powiat úwiecki ; KUJAWSKO-POMORSKIE"; KUJAWSKO-POMORSKIE;5591005404;czynny;10/04/2018;;
30;Zak≥ad Us≥ug Komunalnych  £ysomice SpÛ≥ka z o.o. Gostkowo, 87-148 £ysomice;"£ysomice ; Powiat toruÒski";"Powiat toruÒski ; KUJAWSKO-POMORSKIE"; KUJAWSKO-POMORSKIE;8792688794;czynny;10/04/2018;;
31;GMINA £UBIANKA  Aleja Jana Paw≥a II nr 8 oraz ul. ToruÒska 97 87-152 £ubianka;"£ubianka ; Powiat toruÒski";"Powiat toruÒski ; KUJAWSKO-POMORSKIE"; KUJAWSKO-POMORSKIE;9561870602;czynny;10/04/2018;;
32;Urzπd Gminy Papowo Biskupie, 86-221  Papowo Biskupie 128, pow. che≥miÒski, woj. kujawsko-pomorskie;"Papowo Biskupie ; Powiat che≥miÒski";"Powiat che≥miÒski ; KUJAWSKO-POMORSKIE"; KUJAWSKO-POMORSKIE;8751486852;czynny;10/04/2018;;
33;Gminna SpÛ≥ka Wodna Kijewo KrÛlewskie Wodociπgi i kanalizacja  86-253 Kijewo KrÛlewskie,;"Kijewo KrÛlewskie ; Powiat che≥miÒski";"Powiat che≥miÒski ; KUJAWSKO-POMORSKIE"; KUJAWSKO-POMORSKIE;8751359355;czynny;10/04/2018;;
34;Gminna SpÛ≥ka Wodna Sk≥ad Rady: Urzπd Gminy Stolno Stolno 112 86-212 Stolno;"Stolno ; Powiat che≥miÒski";"Powiat che≥miÒski ; KUJAWSKO-POMORSKIE"; KUJAWSKO-POMORSKIE;8751029675;czynny;10/04/2018;;
35;Urzπd Gminy w Lisewie ul. Che≥miÒska 2, 86 ñ 230 Lisewo, powiat che≥miÒski;"Lisewo ; Powiat che≥miÒski";"Powiat che≥miÒski ; KUJAWSKO-POMORSKIE"; KUJAWSKO-POMORSKIE;8751307080;czynny;10/04/2018;;
36;Urzπd Gminy w åwiekatowie ul. Dworcowa 20 A 86-182 åwiekatowo;"åwiekatowo ; Powiat úwiecki";"Powiat úwiecki ; KUJAWSKO-POMORSKIE"; KUJAWSKO-POMORSKIE;5591899005;czynny;10/04/2018;;
37;MogileÒskie PrzedsiÍbiorstwo Gospodarki Komunalnej Sp. z o. o. ul. Witosa 6, 88-300 Mogilno;"Mogilno ; Powiat mogileÒski";"Powiat mogileÒski ; KUJAWSKO-POMORSKIE"; KUJAWSKO-POMORSKIE;5571665847;czynny;10/04/2018;;
38;Zarzπd Gospodarki Komunalnej i Mieszkaniowej w Strzelnie ul. PLAC åWI TOKRZYSKI 4 88-320 STRZELNO;"Strzelno ; Powiat mogileÒski";"Powiat mogileÒski ; KUJAWSKO-POMORSKIE"; KUJAWSKO-POMORSKIE;5570006120;czynny;10/04/2018;;
39;Urzπd Gminy Jeziora Wielkie 36 88-324 Jeziora Wielkie;"Jeziora Wielkie ; Powiat mogileÒski";"Powiat mogileÒski ; KUJAWSKO-POMORSKIE"; KUJAWSKO-POMORSKIE;5571697215;czynny;10/04/2018;;
40;PrzedsiÍbiorstwo Gospodarki Komunalnej i Mieszkaniowej Sp. z o. o. ul. Kasprowicza 57 88-160 Janikowo;"Janikowo ; Powiat inowroc≥awski";"Powiat inowroc≥awski ; KUJAWSKO-POMORSKIE"; KUJAWSKO-POMORSKIE;5570003222;czynny;10/04/2018;;
41;Gmina wiejska ul. Kasztanowa 16 88-306 Dπbrowa;"Dπbrowa ; Powiat mogileÒski";"Powiat mogileÒski ; KUJAWSKO-POMORSKIE"; KUJAWSKO-POMORSKIE;5571648518;czynny;10/04/2018;;
42;Gminna SpÛ≥ka Wodna Rogowo Wodociπgi i kanalizacja ul. Koúcielna 8 88-420 Rogowo, woj. kujawsko-pomorskie;"Rogowo ; Powiat rypiÒski";"Powiat rypiÒski ; KUJAWSKO-POMORSKIE"; KUJAWSKO-POMORSKIE;5621711384;czynny;10/04/2018;;
43;Gminna SpÛ≥ka Wodna Wodociπgi i kanalizacja ul. ØniÒska 19 88-410 Gπsawa;"Gπsawa ; Powiat øniÒski";"Powiat øniÒski ; KUJAWSKO-POMORSKIE"; KUJAWSKO-POMORSKIE;5621004913;czynny;10/04/2018;;
44;PrzedsiÍbiorstwo Us≥ug Gminnych w Pakoúci Sp. z o.o. 88-170 PakoúÊ ul. Inowroc≥awska 14 E;"PakoúÊ ; Powiat inowroc≥awski";"Powiat inowroc≥awski ; KUJAWSKO-POMORSKIE"; KUJAWSKO-POMORSKIE;5560004266;czynny;10/04/2018;;
45;Przedsiebiorstwo Us≥ug Komunalnych Sp. Z o.o. Ønin REZES Dariusz Øurawicki 24 d.zurawicki@pukznin.pl ul. Mickiewicza 22,;"Ønin ; Powiat øniÒski";"Powiat øniÒski ; KUJAWSKO-POMORSKIE"; KUJAWSKO-POMORSKIE;5620002875;czynny;10/04/2018;;
46;SpÛ≥dzielnia Mieszkaniowa w Øninie ul. Kopernika 5a 88-400 Ønin;"Ønin ; Powiat øniÒski";"Powiat øniÒski ; KUJAWSKO-POMORSKIE"; KUJAWSKO-POMORSKIE;5620004182;czynny;10/04/2018;;
47;PrzedsiÍbiorstwo WodociπgÛw i Kanalizacji Sp. z o.o. ul. Jaúkowskiego 14, 88-100 Inowroc≥aw;"Inowroc≥aw ; Powiat inowroc≥awski";"Powiat inowroc≥awski ; KUJAWSKO-POMORSKIE"; KUJAWSKO-POMORSKIE;5560006791;czynny;10/04/2018;;
48;PrzedsiÍbiorstwo Gospodarki Komunalnej i Mieszkaniowej w Inowroc≥awiu Sp. z o.o. ul. Ks. Piotra Wawrzyniaka 33 88-100 In;"Inowroc≥aw ; Powiat inowroc≥awski";"Powiat inowroc≥awski ; KUJAWSKO-POMORSKIE"; KUJAWSKO-POMORSKIE;5560800885;czynny;10/04/2018;;
49;Gmina Dπbrowa Biskupia ul. Topolowa 2 88-133 Dπbrowa Biskupia pow. inowroc≥awski woj. kujawsko-pomorskie;"Dπbrowa Biskupia ; Powiat inowroc≥awski";"Powiat inowroc≥awski ; KUJAWSKO-POMORSKIE"; KUJAWSKO-POMORSKIE;5562561947;czynny;10/04/2018;;
50;Zak≥ad Gospodarki Komunalnej ul. Rolna 6 86-060 Nowa Wieú Wielka;"Nowa Wieú Wielka ; Powiat bydgoski";"Powiat bydgoski ; KUJAWSKO-POMORSKIE"; KUJAWSKO-POMORSKIE;5542251126;czynny;10/04/2018;;
51;Zak≥ad WodociπgÛw i Kanalizacji w £abiszynie Dyrektor: åwidurski Miros≥aw ul. Plac 1000 Lecia 1;"£abiszyn ; Powiat øniÒski";"Powiat øniÒski ; KUJAWSKO-POMORSKIE"; KUJAWSKO-POMORSKIE;5621741735;czynny;10/04/2018;;
52;SpÛ≥dzielnia Mieszkaniowa w Szubinie Ul. Genera≥a Bema 1 89-200 Szubin,;"Szubin ; Powiat nakielski";"Powiat nakielski ; KUJAWSKO-POMORSKIE"; KUJAWSKO-POMORSKIE;5620004414;czynny;10/04/2018;;
53;"KOèMI—SKIE US£UGI KOMUNALNE SP”£KA Z OGRANICZON• ODPOWIEDZIALNOåCI•
FloriaÒska 21
63-720 Koümin Wielkopolski";"Koümin Wielkopolski ; Powiat krotoszyÒski";"Powiat krotoszyÒski ; WIELKOPOLSKIE"; WIELKOPOLSKIE;6211654718;Czynny;21/06/2018;;
54;Zak≥ad Gospodarki Komunalnej w Soúnie ul. Nowa 9 89-412 SOåNO woj. Kujawsko-Pomorskie;"Soúno ; Powiat sÍpoleÒski";"Powiat sÍpoleÒski ; KUJAWSKO-POMORSKIE"; KUJAWSKO-POMORSKIE;5611503187;czynny;10/04/2018;;
55;Gmina Kaliska;"Kaliska ; Powiat starogardzki";"Powiat starogardzki ; POMORSKIE"; POMORSKIE;5921002195;Czynny;14/03/2018;;
56;Kartuskie PrzedsiÍbiorstwo WodociπgÛw i Kanalizacji Sp. z o.o. ul. Múciwoja II 4 83-300 Kartuzy;"Kartuzy ; Powiat kartuski";"Powiat kartuski ; POMORSKIE"; POMORSKIE;5891435089;Czynny;14/03/2018;;
57;Zak≥ad WodociπgÛw i Kanalizacji ul. Trauguta 2 77-310 Debrzno;"Debrzno ; Powiat cz≥uchowski";"Powiat cz≥uchowski ; POMORSKIE"; POMORSKIE;8431002060;czynny;20/03/2018;;
58;Zak≥ad Gospodarki Komunalnej i Mieszkaniowej ul. Wojska Polskiego 12 77-310 Debrzno;"Debrzno ; Powiat cz≥uchowski";"Powiat cz≥uchowski ; POMORSKIE"; POMORSKIE;8430002856;czynny;20/03/2018;;
59;PrzedsiÍbiorstwo Wodno-Kanalizacyjne Sp. z o.o. al. ZwyciÍzcÛw 1C 77-330 Czarne, woj. pomorskie;"Czarne ; Powiat cz≥uchowski";"Powiat cz≥uchowski ; POMORSKIE"; POMORSKIE;8431483533;czynny;20/03/2018;;
60;Zak≥ad Gospodarki Komunalnej w Rzeczenicy Sp. z o.o. ul. Cz≥uchowska 11  77-304 Rzeczenica;"Rzeczenica ; Powiat cz≥uchowski";"Powiat cz≥uchowski ; POMORSKIE"; POMORSKIE;8431421087;czynny;20/03/2018;;
61;PrzedsiÍbiorstwo Komunalne SpÛ≥ka zo.o.  77-300 Cz≥uchÛw  ul. Sobieskieg 11;"Cz≥uchÛw ; Powiat cz≥uchowski";"Powiat cz≥uchowski ; POMORSKIE"; POMORSKIE;8430002804;"""PilnowaÊ m≥odego kierownika Tomasz Dolata.PrzekazaÊ temat do Wioli.""";20/03/2018;;
62;Zak≥ad Gospodarki Komunalnej w Przechlewie ul. Cz≥uchowska 26 77-320 Przechlewo;"Przechlewo ; Powiat cz≥uchowski";"Powiat cz≥uchowski ; POMORSKIE"; POMORSKIE;8430002827;czynny;20/03/2018;;
63;Zak≥ad Gospodarki Komunalnej Z.B. ul. Zielona 2 , 77-220 Kocza≥a;"Kocza≥a ; Powiat cz≥uchowski";"Powiat cz≥uchowski ; POMORSKIE"; POMORSKIE;8431390659;czynny;20/03/2018;;
64;Miejskie Wodociπgi spÛ≥ka z o.o. Plac Piastowski 27a 89-600 Chojnice;"Chojnice ; Powiat chojnicki";"Powiat chojnicki ; POMORSKIE"; POMORSKIE;5550006499;czynny;20/03/2018;;
65;Gminne PrzedsiÍbiorstwo Komunalne Sp. z o.o Szkolna 7, 89-607 Konarzyny.;"Konarzyny ; Powiat chojnicki";"Powiat chojnicki ; POMORSKIE"; POMORSKIE;5552106986;czynny;20/03/2018;;
66;"""Zak≥ad Us≥ug Komunalnych sp. Z o.o. w Czersku ul. KiliÒskiego 15 89-650 Czersk """;"Czersk ; Powiat chojnicki";"Powiat chojnicki ; POMORSKIE"; POMORSKIE;5551818271;czynny;20/03/2018;;
67;"""Zak≥ad gospodarki komunalnej w Brusach ul. Bolta 10 89-632 Brusy """;"Brusy ; Powiat chojnicki";"Powiat chojnicki ; POMORSKIE"; POMORSKIE;5551002322;"""Brak prezesa, odezwaÊ siÍ przy nastÍpnej wizycie""";20/03/2018;;
68;"""Urzπd Gminy ul. D≥uga 222 83-440 Karsin """;"Karsin ; Powiat koúcierski";"Powiat koúcierski ; POMORSKIE"; POMORSKIE;5911023729;"""Rozmowa z Wice Wujtem myúla≥ o za≥oøeniu koncentratorow na masztach w gminie. ZachecaÊ do kontaktu z £ukaszem z Kaliskiej aby sprÛbowali wdroøyc pilotaø w miejscowoúci ZamoúÊ w ktÛrej robiπ wode i kanalizÍ. """;20/03/2018;;
69;"""Miejski Zak≥ad Gospodarki Komunalnej i Mieszkaniowej w Czarnej Wodzie 83-262 Czarna Woda ul. Mickiwicza 7 ";"Czarna Woda ; Powiat starogardzki";"Powiat starogardzki ; POMORSKIE"; POMORSKIE;5921001557;nic nie potrzebujπ;20/03/2018;;
70;"""Urzπd Gminy Plac 1000-lecia 1 83-242 Osieczna";"Osieczna ; Powiat starogardzki";"Powiat starogardzki ; POMORSKIE"; POMORSKIE;6972239128;"""WÛjt Gminy Stanis≥aw Stosik tel: 696-263-035 zainteresowany szkoleniem u siebie""";20/03/2018;;
71;"Zak≥ad Gospodarki Komunalnej w Osieku
Osiek 85,
87-340 Osiek";"Osiek ; Powiat brodnicki";"Powiat brodnicki ; KUJAWSKO-POMORSKIE"; KUJAWSKO-POMORSKIE;8741608696;czynny;20/03/2018;;
72;Gmina SmÍtowo Graniczne ul. Dworcowa 10, SmÍtowo Graniczne  83-230 SmÍtowo Graniczne;"SmÍtowo Graniczne ; Powiat starogardzki";"Powiat starogardzki ; POMORSKIE"; POMORSKIE;5922261639;czynny;20/03/2018;;
73;RZEDSI BIORSTWO WODOCI•G”W I KANALIZACJI STAR WIK SP Z O O ul. Lubichowska 128 83-200 Starogard GdaÒski;"Lubichowo ; Powiat starogardzki";"Powiat starogardzki ; POMORSKIE"; POMORSKIE;5920202957;czynny;20/03/2018;;
74;ZAK£AD GOSPODARKI MIEJSKIEJ ADRES: ul. Spacerowa 13 83-220 SkÛrcz;"SkÛrcz ; Powiat starogardzki";"Powiat starogardzki ; POMORSKIE"; POMORSKIE;5920006966;czynny;20/03/2018;;
75;Zak≥ad Komunalny Gminy Zblewo ul. PiÒczynska 40 83-210 Zblewo;"Zblewo ; Powiat starogardzki";"Powiat starogardzki ; POMORSKIE"; POMORSKIE;5922109707;czynny;20/03/2018;;
76;GMINNE WODOCI•GI I KANALIZACJA Sp. z o.o. Ul. Polna 33 83-250 Skarszewy;"Skarszewy ; Powiat starogardzki";"Powiat starogardzki ; POMORSKIE"; POMORSKIE;5921946051;czynny;20/03/2018;;
77;Gminne PrzedsiÍbiorstwo Komunalne Sp. z o.o. 83-250 Skarszewy, ul. GdaÒska 6;"Skarszewy ; Powiat starogardzki";"Powiat starogardzki ; POMORSKIE"; POMORSKIE;5921986926;czynny;20/03/2018;;
78;Urzπd Gminy Stara Kiszawa ul. Ogrodowa 1 83-430 Stara Kiszawa ;"Stara Kiszewa ; Powiat koúcierski";"Powiat koúcierski ; POMORSKIE"; POMORSKIE;5911600753;czynny;20/03/2018;;
79;Urzπd Gminy Liniewo ul. Dworcowa 3 83-420 Liniewo;"Liniewo ; Powiat koúcierski";"Powiat koúcierski ; POMORSKIE"; POMORSKIE;5911567501;czynny;20/03/2018;;
80;ZAK£AD GOSPODARKI KOMUNALNEJ I MIESZKANIOWEJ Kierownik: Karol Kozak 83-034 Trπbki Wielkie ul. GdaÒska 12;"Trπbki Wielkie ; Powiat gdaÒski";"Powiat gdaÒski ; POMORSKIE"; POMORSKIE;6040085276;czynny;20/03/2018;;
81;REKNICA sp. z o.o. ul. Leúna 12 83-050 Kolbudy;"Kolbudy ; Powiat gdaÒski";"Powiat gdaÒski ; POMORSKIE"; POMORSKIE;5932335316;Wdroøenie odczyt radiowy;20/03/2018;;
82;Urzπd Gminy Nowa Karczma ul. Koúcierska 9 83-404 Nowa Karczma;"Nowa Karczma ; Powiat koúcierski";"Powiat koúcierski ; POMORSKIE"; POMORSKIE;5911650484;czynny;20/03/2018;;
83;KoúcierzyÒskie TBS sp. Zoo ul. åwiÍtojaÒska 5d 83-400 Koúcierzyna;"Koúcierzyna ; Powiat koúcierski";"Powiat koúcierski ; POMORSKIE"; POMORSKIE;5911479814;nic z tego nie bÍdzie;20/03/2018;;
84;REFERAT GOSPODARKI KOMUNALNEJ I INWESTYCJI ul. 8 Marca 3, 83-425 Dziemiany;"Dziemiany ; Powiat koúcierski";"Powiat koúcierski ; POMORSKIE"; POMORSKIE;5911290264;czynny;20/03/2018;;
85;Urzπd Gminy Bobowo    Kod pocztowy:83-212 Ulica:GdaÒska 12;"Bobowo ; Powiat starogardzki";"Powiat starogardzki ; POMORSKIE"; POMORSKIE;5921006980;czynny;22/06/2018;;
86;Urzπd Gminy ul. Wybickiego 27 83-424 Lipusz;"Lipusz ; Powiat koúcierski";"Powiat koúcierski ; POMORSKIE"; POMORSKIE;5911568529;Zainteresowanie szkoleniem znajπ siÍ z gminπ Kaliska;20/03/2018;;
87;Gmina Lipnica ul. JÛzefa S≥omiÒskiego 19 KOD: 77-130 Lipnica;"Lipnica ; Powiat bytowski";"Powiat bytowski ; POMORSKIE"; POMORSKIE;8681021288;czynny;20/03/2018;;
88;Urzπd Gminy w Studzienicach 77-143 Studzienice ul. Kaszubska 9 ;"Studzienice ; Powiat bytowski";"Powiat bytowski ; POMORSKIE"; POMORSKIE;8421663765;Oferta 1 z≥ Witka wys≥ana  i skierowaÊ ich do Kaliskiej  zaprosiÊ na nowe szkolenie;20/03/2018;;
89;"GMINA W£ADYS£AWOWO
ul. gen. J. Hallera 19, 84-120 Wadzsawowo";"W≥adys≥awowo ; Powiat pucki";"Powiat pucki ; POMORSKIE"; POMORSKIE;5871584426;czynny;22/06/2018;;
90;Wodociπgi Miejskie BytÛw Sp. z o.o. ul. A. Mickiewicza 1, 77-100 BytÛw;"BytÛw ; Powiat bytowski";"Powiat bytowski ; POMORSKIE"; POMORSKIE;8420002895;Obs≥uguje Dil Wys≥ana ofertÍ na plomby, pÛ≥úrubunki i redukcje.;20/03/2018;;
91;Gmina Jastarnia ul. Portowa 24, 84-140 Jastarnia;"Jastarnia ; Powiat pucki";"Powiat pucki ; POMORSKIE"; POMORSKIE;5871708957;czynny;22/06/2018;;
92;Urzπd Gminy ul. KrÛtka 2 77-124  Parchowiec;"Parchowo ; Powiat bytowski";"Powiat bytowski ; POMORSKIE"; POMORSKIE;8421002420;Tysiπc Wodomierzy Fila R 50 Brak kasy;20/03/2018;;
93;URZ•D GMINY KOSAKOWO;"Kosakowo ; Powiat pucki";"Powiat pucki ; POMORSKIE"; POMORSKIE;5861023761;czynny;22/06/2018;;
94;Zwik W Miastku sp z o o ul. Mickiewicza 3, 77-200 Miastko;"Miastko ; Powiat bytowski";"Powiat bytowski ; POMORSKIE"; POMORSKIE;8421770403;czynny;20/03/2018;;
95;Gmina wiejska ul. Jana III Sobieskiego 16 77-133 Tuchomie;"Tuchomie ; Powiat bytowski";"Powiat bytowski ; POMORSKIE"; POMORSKIE;8421663742;czynny;20/03/2018;;
96;Urzπd Gminy PszczÛ≥ki pomorskie;"PszczÛ≥ki ; Powiat gdaÒski";"Powiat gdaÒski ; POMORSKIE"; POMORSKIE;6040019196;czynny;26/06/2018;;
97;Urzπd Gminy w Borzytuchomiu ul. ZwyciÍstwa 56 77-141 Borzytuchom;"Borzytuchom ; Powiat bytowski";"Powiat bytowski ; POMORSKIE"; POMORSKIE;8421022948;czynny;20/03/2018;;
98;Urzπd Gminy w Suchym DÍbie ul. GdaÒska 17 83-022 Suchy Dπb;"Suchy Dπb ; Powiat gdaÒski";"Powiat gdaÒski ; POMORSKIE"; POMORSKIE;5931090485;czynny;26/06/2018;;
99;Urzπd Gminy Ko≥czyg≥owy ul. S≥upska 56 77-140 Ko≥czyg≥owy;"Ko≥czyg≥owy ; Powiat bytowski";"Powiat bytowski ; POMORSKIE"; POMORSKIE;8421000651;czynny;20/03/2018;;
100;Urzπd Gminy Cedry Wielkie ul. M. P≥aøyÒskiego 16 83-020 Cedry Wielkie;"Cedry Wielkie ; Powiat gdaÒski";"Powiat gdaÒski ; POMORSKIE"; POMORSKIE;5931910037;czynny;26/06/2018;;
101;Zak≥ad Us≥ug Komunalnych  w Trzebielinie ul. Pomorska 75,  77-235 Trzebieli;"Trzebielino ; Powiat bytowski";"Powiat bytowski ; POMORSKIE"; POMORSKIE;8421684945;czynny;20/03/2018;;
102;Zak≥ad WodociπgÛw i Kanalizacji SpÛ≥ka z o.o. ul. Czatkowska 8 83-110 Tczew;"Tczew ; Powiat tczewski";"Powiat tczewski ; POMORSKIE"; POMORSKIE;5930103234;czynny;26/06/2018;;
103;PrzedsiÍbiorstwo Gospodarki Komunalnej KÍpice Sp. z o.o. ul. Tadeusza Bielaka 8 77-230 KÍpice;"KÍpice ; Powiat s≥upski";"Powiat s≥upski ; POMORSKIE"; POMORSKIE;8393168923;czynny;20/03/2018;;
104;Pelkom Starogardzka 12 83-130 Pelplin;"Pelplin ; Powiat tczewski";"Powiat tczewski ; POMORSKIE"; POMORSKIE;5932253877;czynny;26/06/2018;;
105;PrzedsiÍbiorstwo WodociπgÛw i Kanalizacji Sp. z o.o.: ul. Kartuska 12, 83-340 Sierakowice;"Sierakowice ; Powiat kartuski";"Powiat kartuski ; POMORSKIE"; POMORSKIE;5891917078;oko≥o 7000 wodomierzy zaprosiÊ na szkolenie;20/03/2018;;
106;Urzπd Gminy w Subkowach ;"Subkowy ; Powiat tczewski";"Powiat tczewski ; POMORSKIE"; POMORSKIE;5932367693;czynny;26/06/2018;;
107;"Gminne PrzedsiÍbiorstwo Komunalne Sp. z o.o. 
ul. Jana III Sobieskiego 31 
83-322 StÍøyca";"StÍøyca ; Powiat kartuski";"Powiat kartuski ; POMORSKIE"; POMORSKIE;5892010587;oko≥o 4000 wodomierzy wykonuje Firma Wod-kan Kartuzy;20/03/2018;;
108;Urzπd Gminy Morzeszczyn ul. Kociewska 12 83-132 Morzeszczyn;"Morzeszczyn ; Powiat tczewski";"Powiat tczewski ; POMORSKIE"; POMORSKIE;5932444933;czynny;26/06/2018;;
109;Gminny Zak≥ad Remontowo-Us≥ugowy Ulica: Ceramiczna 1a  Somonino  83-314 ;"Somonino ; Powiat kartuski";"Powiat kartuski ; POMORSKIE"; POMORSKIE;5740006686;Prezentowano Libre z Witkiem wszystkim pracownikom zainteresowani;20/03/2018;;
110;Gminne PrzedsiÍbiorstwo Komunalne Plac Trojana 2 83-333 Chmielno;"Chmielno ; Powiat kartuski";"Powiat kartuski ; POMORSKIE"; POMORSKIE;5892030495;Rozpisali juø przetarg na Fila;20/03/2018;;
111;"Urzπd Gminy Sztutowo 
ul. GdaÒska 
55 82-110 Sztutowo";"Sztutowo ; Powiat nowodworski";"Powiat nowodworski ; POMORSKIE"; POMORSKIE;5780019666;czynny;26/06/2018;;
112;SpÛ≥ka Komunalna Øukowo Sp. z o.o. ul. Pod Otomino 44, 83-330 Øukowo;"Øukowo ; Powiat kartuski";"Powiat kartuski ; POMORSKIE"; POMORSKIE;5891962110;Og≥osili przetarg;20/03/2018;;
113;Urzπd Gminy Przodkowo ul. Kartuska 21 83-304 Przodkowo ;"Przodkowo ; Powiat kartuski";"Powiat kartuski ; POMORSKIE"; POMORSKIE;5891005383;ok 2000 wodomierzy zainteresowanie szkoleniem u siebie;20/03/2018;;
114;Urzπd Gminy w Starym Targu  ul. G≥Ûwna 20  82-410 Stary Targ;"Stary Targ ; Powiat sztumski";"Powiat sztumski ; POMORSKIE"; POMORSKIE;5791541745;czynny;26/06/2018;;
115;ZAK£AD GOSPODARKI KOMUNALNEJ CZARNA D•BR”WKA 77-116 Czarna DπbrÛwka  ul. Cicha 3;"Czarna DπbrÛwka ; Powiat bytowski";"Powiat bytowski ; POMORSKIE"; POMORSKIE;8421663475;Kirownika nie by≥o Zaprezentowana Libra 3 tys. Wodomierzy Fila R50 Brak kasy i brak legalizacji. Nic do odkupu.;20/03/2018;;
116;Zak≥ad Gospodarki Komunalnej  ul. Sportowa (nad jeziorem KamieÒ) 82-520 Gardeja;"Gardeja ; Powiat kwidzyÒski";"Powiat kwidzyÒski ; POMORSKIE"; POMORSKIE;5811005548;czynny;26/06/2018;;
117;Urzπd  Gminy Linia 84 - 223 Linia, ul. Turystyczna 15;"Linia ; Powiat wejherowski";"Powiat wejherowski ; POMORSKIE"; POMORSKIE;5881130342;czynny;20/03/2018;;
118;Zak≥ad Gospodarki Komunalnej  Miko≥ajki Pomorskie ul.DzierzgoÒska 2 82-433;"Miko≥ajki Pomorskie ; Powiat sztumski";"Powiat sztumski ; POMORSKIE"; POMORSKIE;5790007707;czynny;26/06/2018;;
119;Urzπd Gminy w Cewicach ul. Wincentego Witosa 16 84-312 Cewice;"Cewice ; Powiat lÍborski";"Powiat lÍborski ; POMORSKIE"; POMORSKIE;8411013327;czynny;20/03/2018;;
120;Urzπd Gminy Lichnowy ul. Tczewska 6, 82-224 Lichnowy;"Lichnowy ; Powiat malborski";"Powiat malborski ; POMORSKIE"; POMORSKIE;5792046746;czynny;26/06/2018;;
121;Gminne PrzedsiÍbiorstwo Komunalne Szemud SpÛ≥ka z o. o. w Szemudzie  Adres: 84-217 Szemud, ul. ObroÒcÛw;"Szemud ; Powiat wejherowski";"Powiat wejherowski ; POMORSKIE"; POMORSKIE;5882422590;czynny;20/03/2018;;
122;"Urzπd Gminy Ostaszewo 
ul. Koúciuszki 51 
82-112 Ostaszewo";"Ostaszewo ; Powiat nowodworski";"Powiat nowodworski ; POMORSKIE"; POMORSKIE;5791769595;czynny;26/06/2018;;
123;Urzπd Gminy Luzino ul. Ofiar Stutthofu 11 84-242 Luzino;"Luzino ; Powiat wejherowski";"Powiat wejherowski ; POMORSKIE"; POMORSKIE;5882082059;czynny;20/03/2018;;
124;Zak≥ad Gospodarki Mieszkaniowej Sp. z o.o. w Prabutach ul. Koszarowa 1 82-550 Prabuty;"Prabuty ; Powiat kwidzyÒski";"Powiat kwidzyÒski ; POMORSKIE"; POMORSKIE;5811884260;czynny;26/06/2018;;
125;Kierownik Gminnego Zak≥adu Us≥ug Komunalnych Ul. D≥uga 49, 84-218 £Íczyce;"£Íczyce ; Powiat wejherowski";"Powiat wejherowski ; POMORSKIE"; POMORSKIE;5882087766;czynny;20/03/2018;;
126;Urzπd Gminy w Ryjewie  ul. Lipowa 1 82-420 Ryjewo;"Ryjewo ; Powiat kwidzyÒski";"Powiat kwidzyÒski ; POMORSKIE"; POMORSKIE;5810011133;czynny;26/06/2018;;
127;"Zak≥ad Us≥ug Komunalnych w Wejherowie sp. z o.o.
 84-200 Wejherowo Ul. Obr. Helu 1";"Wejherowo ; Powiat wejherowski";"Powiat wejherowski ; POMORSKIE"; POMORSKIE;5882398489;czynny;20/03/2018;;
128;Gminny Zak≥ad Gospodarki Komunalnej  Stary DzierzgoÒ 54  82-450 Stary DzierzgoÒ;"Stary DzierzgoÒ ; Powiat sztumski";"Powiat sztumski ; POMORSKIE"; POMORSKIE;5791006561;czynny;26/06/2018;;
129;Urzπd Miasta Rumi ul. Sobieskiego 7 84 - 230 Rumia;"Rumia ; Powiat wejherowski";"Powiat wejherowski ; POMORSKIE"; POMORSKIE;5861025464;czynny;20/03/2018;;
130;Pucka Gospodarka Komunalna Sp. z o.o. 84-100 B≥πdzikowo, ul. Pucka 24 ;"Puck ; Powiat pucki";"Powiat pucki ; POMORSKIE"; POMORSKIE;5870200062;czynny;20/03/2018;;
131;GniewiÒskie PrzedsiÍbiorstwo Komunalne spÛ≥ka z o.o. Kostkowo, ul. Wejherowska 24 84-250 Gniewino;"Gniewino ; Powiat wejherowski";"Powiat wejherowski ; POMORSKIE"; POMORSKIE;5882158035;czynny;20/03/2018;;
132;ZAK£AD GOSPODARKI KOMUNALNEJ W CHOCZEWIE ul. Pierwszych OsadnikÛw 21 84-210 Choczewo;"Choczewo ; Powiat wejherowski";"Powiat wejherowski ; POMORSKIE"; POMORSKIE;5881946569;czynny;20/03/2018;;
133;PRZEDSI BIORSTWO WODOCI•GOWE £EBA WICKO SP Z O O £eba  84-360 Ulica: £ebska 49;"£eba ; Powiat lÍborski";"Powiat lÍborski ; POMORSKIE"; POMORSKIE;8411595536;czynny;20/03/2018;;
134;Gminny Zak≥ad Us≥ug Komunalnych ul. M≥ynarska 10 84-351 Nowa Wieú LÍborska;"Nowa wieú LÍborska ; Powiat lÍborski";"Powiat lÍborski ; POMORSKIE"; POMORSKIE;8411338822;czynny;20/03/2018;;
135;Miejskie PrzedsiÍbiorstwo WodociπgÛw i Kanalizacji SpÛ≥ka z o.o. ul. PionierÛw 2 84-300  LÍbork;"LÍbork ; Powiat lÍborski";"Powiat lÍborski ; POMORSKIE"; POMORSKIE;8410005188;czynny;20/03/2018;;
136;Zak≥ad Us≥ug Publicznych Sp. z  o.o. ul. S≥upska 21  76-220 G≥Ûwczyce;"G≥Ûwczyce ; Powiat s≥upski";"Powiat s≥upski ; POMORSKIE"; POMORSKIE;8392963601;czynny;20/03/2018;;
137;Zak≥ad Us≥ug Publicznych Zak≥ad Budøetowy ul. G≥uszyÒska 10, 76-230 PotÍgowo;"PotÍgowo ; Powiat s≥upski";"Powiat s≥upski ; POMORSKIE"; POMORSKIE;8411003636;czynny;20/03/2018;;
138;Urzπd Gminy Smo≥dzino ul. Koúciuszki 3 76-214 Smo≥dzino ;"Smo≥dzino ; Powiat s≥upski";"Powiat s≥upski ; POMORSKIE"; POMORSKIE;8392045762;czynny;20/03/2018;;
139;Zak≥ad Gospodarki Komunalnej w Damnicy 76-231 Damnica, ul. GÛrna 1 ;"Damnica ; Powiat s≥upski";"Powiat s≥upski ; POMORSKIE"; POMORSKIE;8393083842;czynny;20/03/2018;;
140;"ZAK£AD GOSPODARKI KOMUNALNEJ W D BNICY KASZUBSKIEJ SP Z O O 
ul. Zjednoczenia 48D 
76-248 DÍbnica Kaszubska";"DÍbnica Kaszubska ; Powiat s≥upski";"Powiat s≥upski ; POMORSKIE"; POMORSKIE;8393087610;czynny;20/03/2018;;
141;Urzπd Gminy Kobylnica ul. G≥Ûwna 20, 76-251 Kobylnica ;"Kobylnica ; Powiat s≥upski";"Powiat s≥upski ; POMORSKIE"; POMORSKIE;8392917268;czynny;20/03/2018;;
142;PrzedsiÍbiorstwo Gospodarki Komunalnej Sp. z o.o. w S≥upsku 76-200 S≥upsk, ul. SzczeciÒska 112;"S≥upsk ; Powiat s≥upski";"Powiat s≥upski ; POMORSKIE"; POMORSKIE;8390005623;czynny;20/03/2018;;
143;Zak≥ad Gospodarki Komunalnej SpÛ≥ka z o.o. Ul. Wiejska 7 76-270 Ustka;"Ustka ; Powiat s≥upski";"Powiat s≥upski ; POMORSKIE"; POMORSKIE;8391036755;czynny;20/03/2018;;
144;Urzπd Gminy Stare Czarnowo ul. åwiÍtego Floriana 10 74-106 Stare Czarnowo;"Stare Czarnowo ; Powiat gryfiÒski";"Powiat gryfiÒski ; ZACHODNIOPOMORSKIE"; ZACHODNIOPOMORSKIE;8581733428;czynny;20/03/2018;;
145;Zak≥ad Gospodarki Komunalnej Zak≥ad Budøetowy ul. Kolejowa 17 78-630 Cz≥opa;"Cz≥opa ; Powiat wa≥ecki";"Powiat wa≥ecki ; ZACHODNIOPOMORSKIE"; ZACHODNIOPOMORSKIE;7650010573;czynny;20/03/2018;;
146;INWEST-KOM w Gniewie Sp. z o.o. ul. Wiúlana 6, 83-140 Gniew;"Gniew ; Powiat tczewski";"Powiat tczewski ; POMORSKIE"; POMORSKIE;5932124915;czynny;16/11/2018;;
147;"Urzπd Gminy Dobra
ul. SzczeciÒska 16a 
72-003 Dobra";"Dobra (SzczeciÒska) ; Powiat policki";"Powiat policki ; ZACHODNIOPOMORSKIE"; ZACHODNIOPOMORSKIE;8512948083;czynny;20/03/2018;;
148;Zak≥ad Komunalny w Maszewie ul. Szkolna 8 72-130 Maszewo;"Maszewo ; Powiat kroúnieÒski";"Powiat kroúnieÒski ; LUBUSKIE"; LUBUSKIE;8590000487;czynny;20/03/2018;;
149;PrzedsiÍbiorstwo WodociπgÛw i Kanalizacji spÛ≥ka z o.o. 73-150 £obez ul.Wojska Polskiego 17;"£obez ; Powiat ≥obeski";"Powiat ≥obeski ; ZACHODNIOPOMORSKIE"; ZACHODNIOPOMORSKIE;8541108397;czynny;20/03/2018;;
150;Urzπd Gminy Radowo Ma≥e Radowo Ma≥e 21 72-314 Radowo Ma≥e;"Radowo Ma≥e ; Powiat ≥obeski";"Powiat ≥obeski ; ZACHODNIOPOMORSKIE"; ZACHODNIOPOMORSKIE;8571049469;czynny;20/03/2018;;
151;Gmina Brzeüno 78-316 Brzeøno Brzeøno 50;"Brzeøno ; Powiat úwidwiÒski";"Powiat úwidwiÒski ; ZACHODNIOPOMORSKIE"; ZACHODNIOPOMORSKIE;6722031622;czynny;20/03/2018;;
152;"MiÍdzyzdrojskie Towarzystwo Budownictwa Spo≥ecznego Sp. z o.o.
Cicha 2, 72-500 MiÍdzyzdroje";"MiÍdzyzdroje ; Powiat kamieÒski";"Powiat kamieÒski ; ZACHODNIOPOMORSKIE"; ZACHODNIOPOMORSKIE;8551448657;Czynny;14/03/2018;;
153;Zak≥ad Us≥ug Komunalnych SpÛ≥ka z o.o. w åwidwinie ul. Armii Krajowej 21 78-300 åwidwin;"åwidwin ; Powiat úwidwiÒski";"Powiat úwidwiÒski ; ZACHODNIOPOMORSKIE"; ZACHODNIOPOMORSKIE;6721759965;czynny;20/03/2018;;
154;URZ•D GMINY R•BINO Dane adresowe Rπbino 27 78-331 Rπbino;"Rπbino ; Powiat úwidwiÒski";"Powiat úwidwiÒski ; ZACHODNIOPOMORSKIE"; ZACHODNIOPOMORSKIE;6721188480;czynny;20/03/2018;;
155;URZ•D GMINY S£AWOBORZE ul. Kolejowa 8 78-314 S≥awoborze;"S≥awoborze ; Powiat úwidwiÒski";"Powiat úwidwiÒski ; ZACHODNIOPOMORSKIE"; ZACHODNIOPOMORSKIE;6721190554;czynny;20/03/2018;;
156;WODOCI•GI I KANALIZACJE SpÛ≥ka z o.o ul. Tadeusza Koúciuszki 7, 72-315 Resko;"Resko ; Powiat ≥obeski";"Powiat ≥obeski ; ZACHODNIOPOMORSKIE"; ZACHODNIOPOMORSKIE;2530119721;czynny;20/03/2018;;
157;Zak≥ad Gospodarki Komunalnej i Mieszkaniowej w P≥otach Odzia≥ WodociπgÛw i Kanalizacji Ul. KoszaliÒska, 72-310 P≥oty;"P≥oty ; Powiat gryficki";"Powiat gryficki ; ZACHODNIOPOMORSKIE"; ZACHODNIOPOMORSKIE;8570204206;czynny;20/03/2018;;
158;Goleniowskie Wodociπgi i Kanalizacja Sp. z o. o. ul. I Brygady LegionÛw 18A 72-100 GoleniÛw;"GoleniÛw ; Powiat goleniowski";"Powiat goleniowski ; ZACHODNIOPOMORSKIE"; ZACHODNIOPOMORSKIE;8561790676;czynny;20/03/2018;;
159;PrzedsiÍbiorstwo Us≥ug Wodnych i Sanitarnych Sp. z o.o. w Nowogardzie ul. 3 Maja 14/2 72-200 Nowogard;"Nowogard ; Powiat goleniowski";"Powiat goleniowski ; ZACHODNIOPOMORSKIE"; ZACHODNIOPOMORSKIE;8590000441;czynny;20/03/2018;;
160;"Zak≥ad Us≥ug Komunalnych Sp z o.o. w Nowogardzie ulica 15 lutego 14c 
72-200 Nowogard";"Nowogard ; Powiat goleniowski";"Powiat goleniowski ; ZACHODNIOPOMORSKIE"; ZACHODNIOPOMORSKIE;8590000458;czynny;20/03/2018;;
161;Gmina Osina Osina 62 72-221 Osina ;"Osina ; Powiat goleniowski";"Powiat goleniowski ; ZACHODNIOPOMORSKIE"; ZACHODNIOPOMORSKIE;8561407482;czynny;20/03/2018;;
162;Zak≥ad WodociπgÛw i Kanalizacji w Ko≥baskowie RosÛwek 16, 72-001 Ko≥baskowo;"Ko≥baskowo ; Powiat policki";"Powiat policki ; ZACHODNIOPOMORSKIE"; ZACHODNIOPOMORSKIE;8513159514;czynny;20/03/2018;;
163;"Zak≥ad WodociπgÛw i Kanalizacji Sp. z o.o., 
ul. M. Golisza 10, 
71-682 Szczecin";"Szczecin ; Powiat m. Szczecin";"Powiat m. Szczecin ; ZACHODNIOPOMORSKIE"; ZACHODNIOPOMORSKIE;8512624854;czynny;20/03/2018;;
164;Wodociπgi Rewal Sp. z o.o. ul. PoznaÒska 31 72-346 Pobierowo;"Rewal ; Powiat gryficki";"Powiat gryficki ; ZACHODNIOPOMORSKIE"; ZACHODNIOPOMORSKIE;8571888891;Czynny;14/03/2018;;
165;"Zak≥ad Us≥ug Komunalnych 
ul. Ku S≥oÒcu 125a
 71-080 Szczecin";"Szczecin ; Powiat m. Szczecin";"Powiat m. Szczecin ; ZACHODNIOPOMORSKIE"; ZACHODNIOPOMORSKIE;852261739;czynny;20/03/2018;;
166;Zak≥ad WodociπgÛw i Kanalizacji Police SpÛ≥ka z ograniczonπ odpowiedzialnoúciπ z siedzibπ w Policach ul. Grzybowa 50 72-;"Police ; Powiat policki";"Powiat policki ; ZACHODNIOPOMORSKIE"; ZACHODNIOPOMORSKIE;8513212846;czynny;20/03/2018;;
167;Zak≥ad Gospodarki Komunalnej Sp. z o.o TrzebiatÛw;"TrzebiechÛw ; Powiat zielonogÛrski";"Powiat zielonogÛrski ; LUBUSKIE"; LUBUSKIE;9271633928;Czynny;14/03/2018;;
168;PrzedsiÍbiorstwo Us≥ug Komunalnych SpÛ≥ka z o.o. Borne Sulinowo, ul. Kruczkowskiego 5;"Borne Sulinowo ; Powiat szczecinecki";"Powiat szczecinecki ; ZACHODNIOPOMORSKIE"; ZACHODNIOPOMORSKIE;6731755213;Prezes:  Piotr Kujawa;22/06/2018;;
169;"PrzedsiÍbiorstwo Gospodarki Komunalnej SpÛ≥ka z o.o.  
ul. Cieúlaka 6c 
78-400 Szczecinek";"Szczecinek ; Powiat szczecinecki";"Powiat szczecinecki ; ZACHODNIOPOMORSKIE"; ZACHODNIOPOMORSKIE;6731021008;czynny;22/06/2018;;
170;"URZ•D MIEJSKI W BARWICACH
ul. ZwyciÍzcÛw 22
78-460 Barwice";"Barwice ; Powiat szczecinecki";"Powiat szczecinecki ; ZACHODNIOPOMORSKIE"; ZACHODNIOPOMORSKIE;6731480578;czynny;22/06/2018;;
171;GMINA BIA£Y B”R;"Bia≥y BÛr ; Powiat szczecinecki";"Powiat szczecinecki ; ZACHODNIOPOMORSKIE"; ZACHODNIOPOMORSKIE;6731775813;czynny;22/06/2018;;
172;Zak≥ad Us≥ug Komunalnych i Oúwiatowych w Bobolicach  76 - 020 Bobolice, ul. Reymonta 3;"Bobolice ; Powiat koszaliÒski";"Powiat koszaliÒski ; ZACHODNIOPOMORSKIE"; ZACHODNIOPOMORSKIE;4990606895;czynny;22/06/2018;;
173;Gmina Golczewo  Zak≥ad Us≥ug Publicznych w Golczewie;"Golczewo ; Powiat kamieÒski";"Powiat kamieÒski ; ZACHODNIOPOMORSKIE"; ZACHODNIOPOMORSKIE;9860157036;czynny;22/06/2018;;
174;Urzπd Miasta i Gminy w Stepnicy;"Stepnica ; Powiat goleniowski";"Powiat goleniowski ; ZACHODNIOPOMORSKIE"; ZACHODNIOPOMORSKIE;8560008633;czynny;22/06/2018;;
175;zak≥ad GOSPODARKI KOMUNALNEJ NOWE WARPNO;"Nowe Warpno ; Powiat policki";"Powiat policki ; ZACHODNIOPOMORSKIE"; ZACHODNIOPOMORSKIE;8511006433;czynny;22/06/2018;;
176;URZ•D GMINY w PRZYBIERNOWIE 72-110 PrzybiernÛw ul. Cisowa 3;"PrzybiernÛw ; Powiat goleniowski";"Powiat goleniowski ; ZACHODNIOPOMORSKIE"; ZACHODNIOPOMORSKIE;8561836869;czynny;22/06/2018;;
177;ZAK£AD WODOCI•G”W I KANALIZACJI w åWINOUJåCIU ul. Ko≥≥πtaja 4, 72-600 åwinoujúcie;"åwinoujúcie ; Powiat m. åwinoujúcie";"Powiat m. åwinoujúcie ; ZACHODNIOPOMORSKIE"; ZACHODNIOPOMORSKIE;8550024412;czynny;22/06/2018;;
178;Zak≥ad Gospodarki Mieszkaniowej  ul. WyspiaÒskiego 35C 72-600 åwinoujúcie;"åwinoujúcie ; Powiat m. åwinoujúcie";"Powiat m. åwinoujúcie ; ZACHODNIOPOMORSKIE"; ZACHODNIOPOMORSKIE;8550004059;czynny;22/06/2018;;
179;mian Wolin - Zak≥ad Gospodarki Komunalnej i Mieszkaniowej  ul. Adama Mickiewicza 2d 72-510 Wolin;"Wolin ; Powiat kamieÒski";"Powiat kamieÒski ; ZACHODNIOPOMORSKIE"; ZACHODNIOPOMORSKIE;8550004852;czynny;22/06/2018;;
180;Regionalne Wodociπgi i Kanalizacja Miasto i Gmina Po≥czyn ZdrÛj;"Po≥czyn-ZdrÛj ; Powiat úwidwiÒski";"Powiat úwidwiÒski ; ZACHODNIOPOMORSKIE"; ZACHODNIOPOMORSKIE;6721003983;czynny;22/06/2018;;
181;GMINNE WODOCI•GI I KANALIZACJA W SIANOWIE S≥owackiego 5C;"SianÛw ; Powiat koszaliÒski";"Powiat koszaliÒski ; ZACHODNIOPOMORSKIE"; ZACHODNIOPOMORSKIE;4990000069;czynny;22/06/2018;;
182;GMINNY ZAK£AD KOMUNALNY W B DZINIE;"BÍdzino ; Powiat koszaliÒski";"Powiat koszaliÒski ; ZACHODNIOPOMORSKIE"; ZACHODNIOPOMORSKIE;4990189291;czynny;22/06/2018;;
183;Urzπd Miejski w Tychowie;"Tychowo ; Powiat bia≥ogardzki";"Powiat bia≥ogardzki ; ZACHODNIOPOMORSKIE"; ZACHODNIOPOMORSKIE;6721168715;czynny;22/06/2018;;
184;Urzπd Gminy Manowo Manowo 40 , 76 - 015   Manowo;"Manowo ; Powiat koszaliÒski";"Powiat koszaliÒski ; ZACHODNIOPOMORSKIE"; ZACHODNIOPOMORSKIE;6691462739;czynny;22/06/2018;;
185;Miejskie PrzedsiÍbiorstwo Gospodarki Komunalnej SpÛ≥ka z o. o. w Dar≥owie 76-150 Dar≥owo ul. 1 Maja 1;"Dar≥owo ; Powiat s≥awieÒski";"Powiat s≥awieÒski ; ZACHODNIOPOMORSKIE"; ZACHODNIOPOMORSKIE;6690501420;czynny;22/06/2018;;
186;URZ•D GMINY W MALECHOWIE  Malechowo 22A;"Malechowo ; Powiat s≥awieÒski";"Powiat s≥awieÒski ; ZACHODNIOPOMORSKIE"; ZACHODNIOPOMORSKIE;6691463489;czynny;22/06/2018;;
187;"""Zak≥ad Us≥ug Komunalnych w Boleszkowicach Wodociπgi i kanalizacja ul. åwierczewskiego 24 74-407 Boleszkowice, woj. zach";"Boleszkowice ; Powiat myúliborski";"Powiat myúliborski ; ZACHODNIOPOMORSKIE"; ZACHODNIOPOMORSKIE;5971731306;czynny;20/03/2018;;
188;Zak≥ad Gospodarki Komunalnej i Mieszkaniowej Ul. Wπska 2 A 74-503 MoryÒ;"MoryÒ ; Powiat gryfiÒski";"Powiat gryfiÒski ; ZACHODNIOPOMORSKIE"; ZACHODNIOPOMORSKIE;8580007482;czynny;20/03/2018;;
189;AK£AD GOSPODARKI KOMUNALNEJ I MIESZKANIOWEJ 74-520 Cedynia ul. Czcibora 38, ;"Cedynia ; Powiat gryfiÒski";"Powiat gryfiÒski ; ZACHODNIOPOMORSKIE"; ZACHODNIOPOMORSKIE;8581838794;czynny;20/03/2018;;
190;PrzedsiÍbiorstwo Us≥ug Komunalnych ul. Barwicka 1 74 ñ 500 Chojna;"Chojna ; Powiat gryfiÒski";"Powiat gryfiÒski ; ZACHODNIOPOMORSKIE"; ZACHODNIOPOMORSKIE;8581663165;czynny;20/03/2018;;
191;Zak≥ad Komunalny ul. Rynek 15 74-510 TrzciÒsko-ZdrÛj;"TrzciÒsko-ZdrÛj ; Powiat gryfiÒski";"Powiat gryfiÒski ; ZACHODNIOPOMORSKIE"; ZACHODNIOPOMORSKIE;8581824993;czynny;20/03/2018;;
192;PrzedsiÍbiorstwo WodociπgÛw i Kanalizacji SpÛ≥ka z o.o. Ul. Wschodnia 1, 74-300 MyúlibÛrz ;"MyúlibÛrz ; Powiat myúliborski";"Powiat myúliborski ; ZACHODNIOPOMORSKIE"; ZACHODNIOPOMORSKIE;5971730442;czynny;20/03/2018;;
193;ZAK£AD US£UG KOMUNALNYCH W NOWOGR”DKU POMORSKIM 74-304 NowogrÛdek Pomorski ul. A. Mickiewicza 15 ;"NowogrÛdek Pomorski ; Powiat myúliborski";"Powiat myúliborski ; ZACHODNIOPOMORSKIE"; ZACHODNIOPOMORSKIE;5971716873;czynny;20/03/2018;;
194;PrzedsiÍbiorstwo Wodociπgowo-Kanalizacyjne ÑP£ONIAî SpÛ≥ka z o.o. ul. Fabryczna 5, 74-320 Barline;"Barlinek ; Powiat myúliborski";"Powiat myúliborski ; ZACHODNIOPOMORSKIE"; ZACHODNIOPOMORSKIE;5971699117;czynny;20/03/2018;;
195;Zak≥ad Gospodarki Komunalnej i Mieszkaniowej w Pe≥czycach Jeziorna 17, 74-330 Pe≥czyce;"Pe≥czyce ; Powiat choszczeÒski";"Powiat choszczeÒski ; ZACHODNIOPOMORSKIE"; ZACHODNIOPOMORSKIE;5940008796;czynny;20/03/2018;;
196;Gminny Zak≥ad Komunalny w Lipianach ul. Lipowa 4 74 - 240 Lipiany;"Lipiany ; Powiat pyrzycki";"Powiat pyrzycki ; ZACHODNIOPOMORSKIE"; ZACHODNIOPOMORSKIE;8531335252;czynny;20/03/2018;;
197;ZAK£AD GOSPODARKI KOMUNALNEJ W WIDUCHOWEJ Ul.Øeromskiego 9, 74-120 Widuchowa;"Widuchowa ; Powiat gryfiÒski";"Powiat gryfiÒski ; ZACHODNIOPOMORSKIE"; ZACHODNIOPOMORSKIE;8581001984;czynny;20/03/2018;;
198;Gmina Banie ul. Skoúna 6, 74-110 Banie;"Banie ; Powiat gryfiÒski";"Powiat gryfiÒski ; ZACHODNIOPOMORSKIE"; ZACHODNIOPOMORSKIE;8581218666;czynny;20/03/2018;;
199;Zak≥ad Us≥ug Komunalnych ul. SzczeciÒska 5 74-100 Gryfino ;"Gryfino ; Powiat gryfiÒski";"Powiat gryfiÒski ; ZACHODNIOPOMORSKIE"; ZACHODNIOPOMORSKIE;8580007476;czynny;20/03/2018;;
200;Urzπd Gminy Kozielice 74-204 Kozielice 73;"Kozielice ; Powiat pyrzycki";"Powiat pyrzycki ; ZACHODNIOPOMORSKIE"; ZACHODNIOPOMORSKIE;8531240600;czynny;20/03/2018;;
201;Pyrzyckie PrzedsiÍbiorstwo Komunalne Sp. z o.o. ul. Koúciuszki 26, 74-200 Pyrzyce;"Pyrzyce ; Powiat pyrzycki";"Powiat pyrzycki ; ZACHODNIOPOMORSKIE"; ZACHODNIOPOMORSKIE;8530002896;czynny;20/03/2018;;
202;Gospodarka wodno-úciekowa Przelewice 75, 74-210 Przelewice ;"Przelewice ; Powiat pyrzycki";"Powiat pyrzycki ; ZACHODNIOPOMORSKIE"; ZACHODNIOPOMORSKIE;8530005073;czynny;20/03/2018;;
203;Urzπd Gminy Bielice ul. Niepokalanej 34 74 - 202 Bielice;"Bielice ; Powiat pyrzycki";"Powiat pyrzycki ; ZACHODNIOPOMORSKIE"; ZACHODNIOPOMORSKIE;8531253086;czynny;20/03/2018;;
204;Urzπd Gminy Dolice 73-115 Dolice ul. Ogrodowa 16;"Dolice ; Powiat stargardzki";"Powiat stargardzki ; ZACHODNIOPOMORSKIE"; ZACHODNIOPOMORSKIE;8531252744;czynny;20/03/2018;;
205;ZespÛ≥ Gospodarki Komunalnej i Ochrony årodowiska w KrzÍcinie ul. Tylna 7, 73-231 KrzÍcin;"KrzÍcin ; Powiat choszczeÒski";"Powiat choszczeÒski ; ZACHODNIOPOMORSKIE"; ZACHODNIOPOMORSKIE;5941233526;czynny;20/03/2018;;
206;Zak≥ad Gospodarki Komunalnej w Bierzwniku ul. Krajowej Rady Narodowej 16 73-240 Bierzwnik;"Bierzwnik ; Powiat choszczeÒski";"Powiat choszczeÒski ; ZACHODNIOPOMORSKIE"; ZACHODNIOPOMORSKIE;5941587603;czynny;20/03/2018;;
207;Urzπd Gminy w WARNICACH Warnice 66 74-201 Warnice ;"Warnice ; Powiat pyrzycki";"Powiat pyrzycki ; ZACHODNIOPOMORSKIE"; ZACHODNIOPOMORSKIE;8531457392;czynny;20/03/2018;;
208;Miejskie PrzedsiÍbiorstwo Gospodarki Komunalnej Sp. z o. o. w Choszcznie ul. DπbrowszczakÛw 42, ;"Choszczno ; Powiat choszczeÒski";"Powiat choszczeÒski ; ZACHODNIOPOMORSKIE"; ZACHODNIOPOMORSKIE;5941569663;czynny;20/03/2018;;
209;Komunalny Zak≥ad Us≥ugowo-Handlowy Sp z o.o. Drawno, ul. Kolejowa 7, ;"Drawno ; Powiat choszczeÒski";"Powiat choszczeÒski ; ZACHODNIOPOMORSKIE"; ZACHODNIOPOMORSKIE;5940001038;czynny;20/03/2018;;
210;Zak≥ad Gospodarki Komunalnej i Mieszkaniowej ul. Wolnoúci 11 78-640 Tuczno;"Tuczno ; Powiat wa≥ecki";"Powiat wa≥ecki ; ZACHODNIOPOMORSKIE"; ZACHODNIOPOMORSKIE;7650010567;czynny;20/03/2018;;
211;ZWiK Plac Polski 1 78-600 Wa≥cz ;"Wa≥cz ; Powiat wa≥ecki";"Powiat wa≥ecki ; ZACHODNIOPOMORSKIE"; ZACHODNIOPOMORSKIE;7650006330;Testujπ Kamstrupy. Zak≥adajπ Apatory, radiowy odczyt. Wys≥ana oderta na Witka. Monika Kubaszewska;20/03/2018;;
212;Zak≥ad Energetyki Cieplnej WodociπgÛw i Kanalizacji SpÛ≥ka z o.o. ul. Wolnoúci 37 , 78-650  Miroslawiec;"Miros≥awiec ; Powiat wa≥ecki";"Powiat wa≥ecki ; ZACHODNIOPOMORSKIE"; ZACHODNIOPOMORSKIE;7650006353;czynny;20/03/2018;;
213;PrzedsiÍbiorstwo Gospodarki Komunalnej i Mieszkaniowej w Kaliszu Pomorskim ul. Wolnoúci 10 78-540 Kalisz Pomorski;"Kalisz Pomorski ; Powiat drawski";"Powiat drawski ; ZACHODNIOPOMORSKIE"; ZACHODNIOPOMORSKIE;6740004268;czynny;20/03/2018;;
214;ZUH Komunalnik sp z o.o.  ul. Ratuszowa 7 73-210 Recz;"Recz ; Powiat choszczeÒski";"Powiat choszczeÒski ; ZACHODNIOPOMORSKIE"; ZACHODNIOPOMORSKIE;5941535345;czynny;20/03/2018;;
215;URZ•D MIEJSKI W SUCHANIU ul. Pomorska 72 73-132 SuchaÒ;"SuchaÒ ; Powiat stargardzki";"Powiat stargardzki ; ZACHODNIOPOMORSKIE"; ZACHODNIOPOMORSKIE;8541855125;czynny;20/03/2018;;
216;ZAK£AD WODOCI•G”W I KANALIZACJI ul. Bogus≥awa IV nr 15, 73-110 Stargard 91;"Stargard ; Powiat stargardzki";"Powiat stargardzki ; ZACHODNIOPOMORSKIE"; ZACHODNIOPOMORSKIE;8540011520;czynny;20/03/2018;;
217;Urzπd Gminy Kobylanka Adres: ul. Szkolna 12, 73-108 Kobylanka;"Kobylanka ; Powiat stargardzki";"Powiat stargardzki ; ZACHODNIOPOMORSKIE"; ZACHODNIOPOMORSKIE;8541374584;czynny;20/03/2018;;
218;Urzπd Gminy Stara Dπbrowa Stara Dπbrowa 20 73-112 Stara Dπbrowa;"Stara Dπbrowa ; Powiat stargardzki";"Powiat stargardzki ; ZACHODNIOPOMORSKIE"; ZACHODNIOPOMORSKIE;8542229275;czynny;20/03/2018;;
219;Urzπd Miejski w Dobrzanach ul. Staszica 1, 73-130 Dobrzany Zak≥ad Gospodarki Komunalnej;"Dobrzany ; Powiat stargardzki";"Powiat stargardzki ; ZACHODNIOPOMORSKIE"; ZACHODNIOPOMORSKIE;8541001469;czynny;20/03/2018;;
220;Urzπd Gminy IÒsko ul. Boh. Warszawy 38 73-140 IÒsko (91) 56-23-025;"IÒsko ; Powiat stargardzki";"Powiat stargardzki ; ZACHODNIOPOMORSKIE"; ZACHODNIOPOMORSKIE;8540018605;czynny;20/03/2018;;
221;FIRMA WODOCI•GI I KANALIZACJA SP Z O O ul. Parkowa 1 73-120 Chociwel;"Chociwel ; Powiat stargardzki";"Powiat stargardzki ; ZACHODNIOPOMORSKIE"; ZACHODNIOPOMORSKIE;8542038701;czynny;20/03/2018;;
222;Zak≥ad WodociπgÛw i Kanalizacji SpÛ≥ka z o.o. ul. Podmiejska 3 78 ñ 500 Drawsko Pomorskie;"Drawsko Pomorskie ; Powiat drawski";"Powiat drawski ; ZACHODNIOPOMORSKIE"; ZACHODNIOPOMORSKIE;2530088877;czynny;20/03/2018;;
223;Zak≥ad WodociπgÛw i Kanalizacji Sp. z o.o. Piaskowa 6, 78-520 Z≥ocieniec;"Z≥ocieniec ; Powiat drawski";"Powiat drawski ; ZACHODNIOPOMORSKIE"; ZACHODNIOPOMORSKIE;2530031966;czynny;20/03/2018;;
224;ZAK£AD GOSPODARKI KOMUNALNEJ WODOCI•GI - Czaplinek ul. Grunwaldzka 2 78-550 Czaplinek;"Czaplinek ; Powiat drawski";"Powiat drawski ; ZACHODNIOPOMORSKIE"; ZACHODNIOPOMORSKIE;6740005635;czynny;20/03/2018;;
225;URZ•D GMINY OSTROWICE Ostrowice 6 78-506 Ostrowice;"Ostrowice ; Powiat drawski";"Powiat drawski ; ZACHODNIOPOMORSKIE"; ZACHODNIOPOMORSKIE;2530313245;czynny;20/03/2018;;
226;Urzπd miasta ul. Rynek 1 73-155, WÍgorzyno;"WÍgorzyno ; Powiat ≥obeski";"Powiat ≥obeski ; ZACHODNIOPOMORSKIE"; ZACHODNIOPOMORSKIE;8541001653;czynny;20/03/2018;;
227;"PrzedsiÍbiorstwo WodociπgÛw i Kanalizacji
SpÛ≥ka z o.o. w DÍbnie
ul. Droga Zielona 1
74-400 DÍbno";"DÍbno ; Powiat myúliborski";"Powiat myúliborski ; ZACHODNIOPOMORSKIE"; ZACHODNIOPOMORSKIE;5971001246;czynny;20/03/2018;;
228;ZAK£AD US£UG KOMUNALNYCH SP. Z O.O. W MIESZKOWICACH UL. WARSZAWSKA 48 74-505 MIESZKOWICE;"Mieszkowice ; Powiat gryfiÒski";"Powiat gryfiÒski ; ZACHODNIOPOMORSKIE"; ZACHODNIOPOMORSKIE;8581734095;czynny;20/03/2018;;
229;Zak≥ad Gospodarki Komunalnej i Mieszkaniowej w Kcyni spÛ≥ka z o.o. ul. Nakielska 9 89-240 Kcynia tel. 667-511-784;"Kcynia ; Powiat nakielski";"Powiat nakielski ; KUJAWSKO-POMORSKIE"; KUJAWSKO-POMORSKIE;5580001489;Kierownik ds. WodociπgÛw,  Kanalizacji i  Oczyszczalni åciekÛw G≥Ûwny Inø. Stefan Talibacki 667 661 357 e-mail stefan.tulibacki@zgkimkcynia ---------------------- Natalia Hodana Starszy specjalista do spraw wodociπgÛw tel 665 708 482 ok. 5000 sztuk w;10/04/2018;;
